{
    "easycom": {
    	"^z-(.*)": "@zebra-ui/swiper/components/z-$1/z-$1.vue"
    },
	"pages": [{
		"path": "pages/login/login",
		"style": {
			"navigationBarBackgroundColor": "#76C461",
			"navigationBarTextStyle": "white",
			"navigationBarTitleText": "登录"
		}
	}, {
		"path": "pages/register/register",
		"style": {
			"navigationBarBackgroundColor": "#76C461",
			"navigationBarTextStyle": "white",
			"navigationBarTitleText": "注册"
		}
	}, {
		"path": "pages/forget/forget",
		"style": {
			"navigationBarBackgroundColor": "#40AE36",
			"navigationBarTextStyle": "white",
			"navigationBarTitleText": "忘记密码"
		}
	}, {
		"path": "pages/center/center",
		"style": {
			"navigationBarBackgroundColor": "#76C460",
			"navigationBarTextStyle": "white",
			"navigationBarTitleText": "我的"
		}
	}, {
		"path": "pages/user-info/user-info",
		"style": {
			"navigationBarBackgroundColor": "#76C460",
			"navigationBarTextStyle": "white",
			"navigationBarTitleText": "用户信息"
		}
	}
	, {
		"path": "pages/shop-recharge/recharge",
		"style": {
			"navigationBarTitleText": "用户充值"
		}
	},{
                "path": "pages/shop-recharge/pay-confirm",
                "style": {
                        "navigationBarTitleText": "选择充值方式"
                }
        }, {
		"path": "pages/shop-cart/shop-cart",
		"style": {
			"navigationBarTitleText": "购物车"
		}
	}, {
		"path": "pages/shop-order-confirm/shop-order-confirm",
		"style": {
			"navigationBarTitleText": "订单确认"
		}
	}, {
		"path": "pages/shop-address/shop-address",
		"style": {
			"navigationBarTitleText": "我的地址"
		}
	}, {
		"path": "pages/shop-address-detail/shop-address-detail",
		"style": {
			"navigationBarTitleText": "地址详情"
		}
	}, {
		"path": "pages/shop-order/shop-order",
		"style": {
			"navigationBarTitleText": "我的订单"
		}
	}, {
        "path": "pages/shop-order/logistics",
        "style": {
            "navigationBarTitleText": "物流信息"
        }
    }
	, {
		"path": "pages/news-detail/news-detail",
		"style": {
			"navigationBarBackgroundColor": "#76C460",
			"navigationBarTextStyle": "white",
			"navigationBarTitleText": "资讯详情"
		}
	}
	,{
		"path": "pages/yonghu/list",
		"style": {
			"navigationBarBackgroundColor": "#75C460",
			"navigationBarTextStyle": "white"
		}
	},{
		"path": "pages/yonghu/add-or-update",
		"style": {
			"navigationBarBackgroundColor": "#76C460",
			"navigationBarTextStyle": "white"
		}
	},{
		"path": "pages/yonghu/detail",
		"style": {
			"navigationBarBackgroundColor": "#76C460",
			"navigationBarTextStyle": "white"
		}
	}
	,{
		"path": "pages/nonghu/list",
		"style": {
			"navigationBarBackgroundColor": "#75C460",
			"navigationBarTextStyle": "white"
		}
	},{
		"path": "pages/nonghu/add-or-update",
		"style": {
			"navigationBarBackgroundColor": "#76C460",
			"navigationBarTextStyle": "white"
		}
	},{
		"path": "pages/nonghu/detail",
		"style": {
			"navigationBarBackgroundColor": "#76C460",
			"navigationBarTextStyle": "white"
		}
	}
	,{
		"path": "pages/chanpinfenlei/list",
		"style": {
			"navigationBarBackgroundColor": "#75C460",
			"navigationBarTextStyle": "white"
		}
	},{
		"path": "pages/chanpinfenlei/add-or-update",
		"style": {
			"navigationBarBackgroundColor": "#76C460",
			"navigationBarTextStyle": "white"
		}
	},{
		"path": "pages/chanpinfenlei/detail",
		"style": {
			"navigationBarBackgroundColor": "#76C460",
			"navigationBarTextStyle": "white"
		}
	}
	,{
		"path": "pages/nongchanpin/list",
		"style": {
			"navigationBarBackgroundColor": "#75C460",
			"navigationBarTextStyle": "white"
		}
	},{
		"path": "pages/nongchanpin/add-or-update",
		"style": {
			"navigationBarBackgroundColor": "#76C460",
			"navigationBarTextStyle": "white"
		}
	},{
		"path": "pages/nongchanpin/detail",
		"style": {
			"navigationBarBackgroundColor": "#76C460",
			"navigationBarTextStyle": "white"
		}
	}
	,{
		"path": "pages/zixunxinxi/list",
		"style": {
			"navigationBarBackgroundColor": "#75C460",
			"navigationBarTextStyle": "white"
		}
	},{
		"path": "pages/zixunxinxi/add-or-update",
		"style": {
			"navigationBarBackgroundColor": "#76C460",
			"navigationBarTextStyle": "white"
		}
	},{
		"path": "pages/zixunxinxi/detail",
		"style": {
			"navigationBarBackgroundColor": "#76C460",
			"navigationBarTextStyle": "white"
		}
	}
	,{
		"path": "pages/zixunhuifu/list",
		"style": {
			"navigationBarBackgroundColor": "#75C460",
			"navigationBarTextStyle": "white"
		}
	},{
		"path": "pages/zixunhuifu/add-or-update",
		"style": {
			"navigationBarBackgroundColor": "#76C460",
			"navigationBarTextStyle": "white"
		}
	},{
		"path": "pages/zixunhuifu/detail",
		"style": {
			"navigationBarBackgroundColor": "#76C460",
			"navigationBarTextStyle": "white"
		}
	}
	,{
		"path": "pages/storeup/list",
		"style": {
			"navigationBarBackgroundColor": "#75C460",
			"navigationBarTextStyle": "white"
		}
	},{
		"path": "pages/storeup/add-or-update",
		"style": {
			"navigationBarBackgroundColor": "#76C460",
			"navigationBarTextStyle": "white"
		}
	},{
		"path": "pages/storeup/detail",
		"style": {
			"navigationBarBackgroundColor": "#76C460",
			"navigationBarTextStyle": "white"
		}
	}
	,{
		"path": "pages/news/list",
		"style": {
			"navigationBarBackgroundColor": "#75C460",
			"navigationBarTextStyle": "white"
		}
	},{
		"path": "pages/news/add-or-update",
		"style": {
			"navigationBarBackgroundColor": "#76C460",
			"navigationBarTextStyle": "white"
		}
	},{
		"path": "pages/news/detail",
		"style": {
			"navigationBarBackgroundColor": "#76C460",
			"navigationBarTextStyle": "white"
		}
	}
	,{
		"path": "pages/discussnongchanpin/list",
		"style": {
			"navigationBarBackgroundColor": "#75C460",
			"navigationBarTextStyle": "white"
		}
	},{
		"path": "pages/discussnongchanpin/add-or-update",
		"style": {
			"navigationBarBackgroundColor": "#76C460",
			"navigationBarTextStyle": "white"
		}
	},{
		"path": "pages/discussnongchanpin/detail",
		"style": {
			"navigationBarBackgroundColor": "#76C460",
			"navigationBarTextStyle": "white"
		}
	}
	, {
		"path": "pages/index/index",
		"style": {
			"navigationBarBackgroundColor": "#40AE36",
			"navigationBarTextStyle": "white",
			"navigationBarTitleText": "首页"
		}
	}
	],
	"globalStyle": {
		"navigationBarTextStyle": "black",
		"navigationBarTitleText": "农产品自主供销小程序",
		"navigationBarBackgroundColor": "#F8F8F8",
		"backgroundColor": "#F8F8F8"
	},
	"tabBar": {
		"color": "#BBBBBB",
		"selectedColor": "#40AE36",
		"borderStyle": "white",
		"backgroundColor": "#FFFFFF",
		"list": [{
				"pagePath": "pages/index/index",
				"iconPath": "static/tabs/index.png",
				"selectedIconPath": "static/tabs/index1.png",
				"text": "首页"
			}
			

			,{
				"pagePath": "pages/nongchanpin/list",
				"iconPath": "/static/tabs/icon1.png",
				"selectedIconPath": "/static/tabs/icon1_act.png",
				"text": "农产品"
			}






            ,{
                "pagePath": "pages/shop-cart/shop-cart",
                "iconPath": "static/tabs/cart.png",
                "selectedIconPath": "static/tabs/cart1.png",
                "text": "购物车"
            }
			,{
				"pagePath": "pages/center/center",
				"iconPath": "static/tabs/mine.png",
				"selectedIconPath": "static/tabs/mine1.png",
				"text": "我的"
			}
		]
	}
}
